Age,Tenure,MonthlyCharge,TotalCharge,ContractType,InternetService,Churn
56,15,55.16226872396344,2409.1767952060163,One year,No,No
69,64,30.142082844921653,2882.5498928277675,One year,No,No
46,28,68.58717591863257,6439.40891728245,Two year,No,No
32,39,45.677656772050796,2244.503781868133,Month-to-month,No,No
60,57,48.48729019619228,1701.4256116602812,Two year,No,No
25,17,50.72899649262865,7660.435191924007,Month-to-month,No,No
38,44,100.30258978326634,90.72901520548182,One year,Fiber optic,No
56,25,73.91612766752544,7982.610428342186,Month-to-month,No,No
36,17,51.13076991560037,5421.033964882017,Two year,Fiber optic,No
40,13,81.03337833109184,6631.185009603954,Two year,Fiber optic,No
28,25,91.61506742231936,2371.0627828426213,One year,No,No
28,68,47.262400073353376,134.23591578313864,Month-to-month,No,No
41,10,61.354910152535155,5908.19875812101,One year,Fiber optic,No
53,67,32.18860933369476,6676.473884065393,One year,Fiber optic,No
57,18,38.11493495346803,5928.999532989083,Two year,No,No
41,34,88.11178539649828,1159.945292660692,Month-to-month,No,No
20,8,38.143834769562694,6032.354819610613,Month-to-month,Fiber optic,Yes
39,40,72.51633836670601,6156.003801218975,Month-to-month,Fiber optic,No
19,42,90.90462617224327,5275.153315047038,Month-to-month,Fiber optic,No
41,41,30.687692309474386,6133.605143708778,One year,DSL,No
61,6,76.73122196289034,6770.453088628303,One year,Fiber optic,No
47,52,45.65627837013638,4916.560831614918,Two year,DSL,No
55,26,116.29268752375798,727.0656174780389,One year,No,No
19,64,68.35456467199248,3911.269921144343,One year,No,No
38,59,100.59925497751581,639.6416906794084,Two year,Fiber optic,No
50,56,75.02265421562618,3272.193387638798,Two year,No,No
29,59,24.341253285481915,3268.7097832225086,Two year,No,Yes
39,70,83.31513755940223,546.7585562391278,One year,No,No
61,33,115.14033422066571,2803.587861076445,One year,No,No
42,53,80.16118201463311,905.7648283546924,Two year,DSL,No
66,22,101.91888594267903,6469.716975873593,Two year,DSL,No
44,21,108.42064633484078,7582.550447196477,Two year,Fiber optic,No
59,70,42.80797719489325,597.08547255835,One year,Fiber optic,Yes
45,70,41.204483990822666,7641.819354187777,One year,Fiber optic,No
33,4,81.09809888509918,4190.161262707226,Month-to-month,No,Yes
32,62,61.10284698067047,2410.534110071914,One year,No,No
64,62,103.98613028667204,633.3593607037848,One year,DSL,No
68,24,110.00231233980112,4014.9816592019342,One year,DSL,No
61,55,55.34213793027181,6360.234045036174,Two year,Fiber optic,No
69,9,43.687055897448204,5662.550088588251,One year,DSL,Yes
20,3,98.05255152438619,420.8035714825106,Two year,DSL,Yes
54,31,47.48060355481361,601.75664623587,Month-to-month,DSL,No
68,40,102.26143185136785,3234.9287954084443,Month-to-month,DSL,Yes
24,36,62.37382536487628,2376.418142502587,Two year,DSL,No
38,24,86.75498992914704,1874.4268979872618,Two year,Fiber optic,Yes
26,6,29.55353138346682,2262.4159012915343,Two year,Fiber optic,No
56,66,82.3859324676573,6431.792291509139,One year,DSL,No
35,4,65.17676787372291,7435.2398679821945,Month-to-month,Fiber optic,Yes
21,6,78.66084631754741,3252.71950232998,Two year,No,No
42,51,36.801420774486346,7250.765797017327,One year,DSL,No
31,62,93.68737449441821,2585.535695958098,Month-to-month,No,Yes
67,57,106.27970775432286,3821.967151023457,One year,Fiber optic,No
26,66,41.67398000907757,1823.7114025716778,Month-to-month,Fiber optic,No
43,8,29.57145555201617,5130.998816563235,One year,No,No
19,26,22.36385860463364,7832.269299094975,Month-to-month,Fiber optic,Yes
37,51,84.1971500443266,4835.874906426162,Month-to-month,DSL,No
45,45,80.70940360887808,2875.35639122612,One year,No,No
64,44,74.669741271407,5189.583219004417,Two year,DSL,Yes
24,5,43.194709611597546,1000.9070141537928,Month-to-month,No,No
61,70,59.09059959055147,7111.499460517881,Two year,Fiber optic,No
25,26,79.4476335186173,4034.609927223094,One year,No,No
64,68,69.67668588591694,3605.8109414763435,Two year,No,No
52,19,118.77855202148874,4695.201011859083,Two year,DSL,Yes
31,20,33.64397525567331,5005.775225059431,Two year,Fiber optic,No
34,12,89.51445540475937,592.7709336875739,Two year,DSL,Yes
53,47,60.431876810429216,5467.285425362751,Two year,Fiber optic,Yes
67,1,62.819961492561475,1950.614808917926,Month-to-month,DSL,No
57,14,91.75977656581762,5717.342007402586,Month-to-month,No,No
21,64,89.24361513243696,6583.82765918589,Month-to-month,DSL,No
19,38,119.12559937021884,6435.588890269112,One year,Fiber optic,Yes
23,37,32.83942894541252,4428.957719914955,Two year,Fiber optic,No
59,11,30.410964938416633,4170.955740639794,Month-to-month,No,No
21,3,92.43388171287411,1160.1501714885055,One year,Fiber optic,Yes
46,33,77.83869170064091,6207.262280217022,Month-to-month,DSL,No
35,6,47.416066655980586,2185.846855964781,Month-to-month,No,Yes
43,50,27.94193689889866,3983.6294740872136,Two year,Fiber optic,No
61,10,28.565824959643052,2288.507261561583,One year,Fiber optic,No
51,5,109.41908746641182,1087.9503367375512,Two year,DSL,No
27,23,39.18673247187429,5043.870421196058,Two year,DSL,No
53,10,52.33715621155208,453.56963788677257,Month-to-month,No,No
31,44,42.6656402226988,5994.188968327076,Two year,Fiber optic,Yes
48,2,55.49963058319373,2554.3426261837108,One year,DSL,No
65,13,26.94238427460934,21.074850175792854,Two year,No,No
32,40,71.90597909082703,4098.810531113094,Two year,Fiber optic,No
25,2,26.76125635922149,393.8782300502729,Two year,Fiber optic,No
31,65,100.03565078223616,2223.833071410778,Month-to-month,No,No
40,63,43.3712081910433,5661.672369896615,One year,No,No
57,17,74.00119146045105,520.2631805424896,Month-to-month,DSL,No
38,9,108.00790875614582,6717.921169000899,Month-to-month,Fiber optic,No
33,15,85.08773690471942,50.4829828154932,Month-to-month,Fiber optic,No
62,24,73.29577865513353,1989.6544762311798,Month-to-month,Fiber optic,No
35,38,52.43337531153756,5932.41436809353,Month-to-month,No,No
64,35,53.300191305819794,2543.835794839868,One year,DSL,No
41,49,86.94869551981901,833.101256766788,Two year,Fiber optic,No
43,69,119.41393612211675,2894.6666720274143,Month-to-month,No,Yes
42,62,86.18391898493786,2177.738425348514,Month-to-month,Fiber optic,No
62,60,75.77834173700249,6744.8409792412285,One year,DSL,No
58,50,93.06505102392461,2520.516382329442,One year,Fiber optic,Yes
46,9,66.52056122837182,6315.681124772537,Two year,DSL,Yes
32,34,26.01423426007852,7137.139715589663,One year,DSL,No
62,35,76.22968158779098,3481.8630082207055,Two year,Fiber optic,No
18,1,115.76252845053801,7281.346287958048,Month-to-month,Fiber optic,No
42,40,37.530294235765965,3030.998070626279,Month-to-month,DSL,No
24,64,89.00048908206658,7713.345763591064,Two year,No,No
26,22,40.093368865905646,732.530405714072,One year,DSL,No
41,60,73.58276844730813,5502.413746695877,Two year,Fiber optic,Yes
18,64,29.66764496467196,3960.636042846291,One year,Fiber optic,Yes
61,11,65.03709362581851,3113.4374675360637,Month-to-month,No,No
25,14,95.61633288952461,5069.040792413835,One year,DSL,No
41,60,54.757152423898205,5636.779591241963,Two year,DSL,Yes
28,30,86.4911724487218,54.818891809466514,Two year,DSL,No
68,35,99.54499607897291,1352.2856482026457,Month-to-month,Fiber optic,Yes
34,37,112.71778194794527,5710.107484061863,One year,DSL,No
25,5,43.46420818554535,5337.755600354088,One year,No,No
52,26,59.931591580930814,7729.059090926844,One year,Fiber optic,No
52,62,35.24160133304174,6093.081566201248,Month-to-month,Fiber optic,No
50,4,119.24835021583752,7607.166207696077,One year,DSL,No
22,42,112.70009679242953,5626.273202247759,Two year,No,No
59,18,73.99571302805596,2398.456624942756,One year,Fiber optic,No
56,40,104.20332943764213,860.8120795618347,Month-to-month,Fiber optic,No
58,39,72.09579772720423,6258.954429492586,One year,DSL,No
45,14,82.35856880027598,5160.310787377809,One year,DSL,No
24,32,28.912443211601662,404.5243788985039,Two year,No,No
26,51,95.52704204968079,2893.202717889807,One year,DSL,No
25,38,32.77134836352349,7655.262527564603,Two year,No,Yes
29,23,102.60676302525283,4013.2011427674056,Two year,Fiber optic,Yes
51,63,98.20280876703859,3473.178505437243,Month-to-month,No,No
50,15,90.87446977429764,3672.442849171166,Two year,No,No
65,25,23.616038052476213,1686.8841375612064,Two year,No,No
40,17,50.31283559453286,2962.2832235010655,Month-to-month,Fiber optic,Yes
41,66,46.311256991084285,2971.1097827776694,Two year,DSL,No
54,53,56.01364074715191,437.79306109602976,Month-to-month,Fiber optic,No
52,51,28.764274676383856,6145.189675572988,One year,DSL,No
61,39,113.69578230310628,3343.7053665929543,Month-to-month,No,No
57,51,75.38022407123762,6580.995496795058,Two year,No,No
39,70,50.55243106580235,6805.777048936765,Month-to-month,No,No
44,6,59.698151707428345,1711.7125564952914,Two year,No,No
52,67,64.72025405048356,5265.680787717626,One year,No,No
18,7,80.05943333606173,3788.808797220594,Month-to-month,DSL,No
52,51,71.56794276964978,7043.650768613451,One year,DSL,No
54,42,111.93919732144174,1741.6106198281038,Two year,No,No
64,64,69.69634829058302,5428.949338474153,Two year,Fiber optic,Yes
31,15,119.21580148233127,4869.861935576726,One year,Fiber optic,Yes
20,29,105.14249577450957,2376.505791023226,Month-to-month,No,No
18,33,40.85105143573358,1110.0752111363574,Month-to-month,DSL,No
22,27,113.05952146439162,5220.085288608667,Two year,Fiber optic,No
43,36,31.63663978854761,5914.007715895998,One year,Fiber optic,Yes
31,29,101.74497084911916,2538.706203231533,One year,Fiber optic,No
56,38,58.06232934765801,5165.764180098064,Month-to-month,No,No
44,57,107.79743204450695,3173.144642739796,Month-to-month,Fiber optic,Yes
26,27,106.80566901074504,5711.39092859529,Month-to-month,Fiber optic,No
32,55,100.59254001176211,1609.7378936545438,One year,Fiber optic,Yes
32,33,99.00304363070614,7123.915721036671,Month-to-month,Fiber optic,No
43,68,50.46791390980408,2313.528579795326,Month-to-month,DSL,No
59,66,28.09192830512522,2954.9321822941,Two year,No,No
30,10,60.29801787651615,483.5737776011913,Month-to-month,No,No
68,5,37.352451498650865,909.8674543237856,Month-to-month,DSL,No
49,38,89.49510889024617,4136.577983644378,One year,DSL,No
56,13,54.609972653778556,2155.3895602892126,One year,No,Yes
66,31,117.56102008599149,6687.132201422711,Two year,Fiber optic,Yes
69,47,84.0972077345332,137.25324146653168,Month-to-month,Fiber optic,No
49,52,102.24805636343609,3045.170508402051,Two year,No,No
21,56,33.252467274184845,2712.0174632173594,One year,Fiber optic,No
47,15,106.20144822726226,174.23449472245625,Two year,DSL,No
54,29,112.27571905133944,1012.4598240240716,One year,Fiber optic,No
40,8,68.70619188189359,3320.8685458507093,Two year,Fiber optic,No
56,5,80.62529377509775,3953.0593838906243,Two year,Fiber optic,No
62,29,96.48098009029954,3246.2321830938554,Month-to-month,No,No
32,47,37.48386272604125,4256.882673728509,Two year,DSL,No
60,68,70.25660764634424,4769.1507657473385,Month-to-month,Fiber optic,No
46,45,59.86630277723131,99.19209260012833,Month-to-month,No,Yes
53,2,34.63739921622491,3723.479372438961,Month-to-month,Fiber optic,Yes
30,27,56.753442229153144,7708.723942282954,Month-to-month,DSL,No
49,36,26.817230938549358,4161.877595433799,Two year,Fiber optic,No
24,36,22.5811906949487,5426.7872943224465,One year,DSL,Yes
68,26,33.51662891548227,2508.673586176728,One year,Fiber optic,No
39,43,116.31151115891738,6196.451197659045,One year,DSL,No
45,27,74.9529535895017,6187.913425371398,Two year,Fiber optic,No
19,69,116.582216115322,4179.942460280029,Month-to-month,DSL,Yes
59,20,63.2497878330132,7808.590309768125,One year,Fiber optic,Yes
62,11,51.181613308525954,1021.890713805974,Two year,Fiber optic,No
23,38,70.61418628402441,155.2423658188563,Month-to-month,No,No
45,6,63.95116886329101,6165.862529821626,One year,No,No
45,23,30.566468426174392,6461.101188171763,Month-to-month,DSL,No
61,47,84.08263146902063,979.2536883821984,One year,Fiber optic,Yes
61,46,41.60381825095996,2139.3510070096763,One year,DSL,Yes
37,12,81.95879548978296,160.0678596656987,One year,No,No
47,13,85.02010923981534,2360.602714028906,Month-to-month,DSL,Yes
28,62,35.20248531286481,6189.672153870999,Two year,DSL,No
45,60,26.134962711066816,4153.32501114638,Month-to-month,No,No
42,43,98.07615860684398,2797.802833482939,One year,Fiber optic,Yes
56,68,65.98004237693202,2986.4795733525157,Month-to-month,DSL,Yes
50,5,25.81637955054758,30.80193320943587,Two year,No,No
18,37,119.48663171697672,2412.4082099705824,Month-to-month,Fiber optic,No
44,31,25.778056099636665,5178.740758270686,Two year,No,Yes
69,9,89.50352288585532,7794.07166165453,Two year,DSL,No
30,51,118.36789252634136,6779.545399331518,Month-to-month,Fiber optic,No
58,29,43.91801042159256,208.28781787132243,One year,Fiber optic,Yes
20,40,34.22493686871962,7190.513625305218,Two year,No,No
56,41,32.13849394224289,6269.923338123035,Month-to-month,No,No
23,11,50.327514756759555,6247.401466096424,Two year,No,No
25,23,30.104581101064667,3674.8061568485004,One year,Fiber optic,No
44,1,89.2161341694132,3196.0822377769323,Month-to-month,Fiber optic,No
26,46,26.22917981300627,2437.267516088877,Month-to-month,DSL,No
54,21,70.94221281497897,544.2449744558389,Month-to-month,Fiber optic,Yes
50,36,119.66968538529768,1841.3182006797188,One year,DSL,Yes
68,54,101.39702695060188,1987.8970071246365,Two year,No,No
59,57,81.52194382310108,3882.935016287409,Month-to-month,No,No
61,1,50.62536207866117,5984.606364641618,Two year,Fiber optic,No
41,63,82.38958362916384,3801.002430615614,Two year,No,No
32,54,72.70414639116515,481.59870658834166,One year,No,No
49,55,62.60833838903715,7663.162611885867,Month-to-month,Fiber optic,No
49,40,33.07103767401995,7542.940066371016,Two year,DSL,No
41,15,108.66042152404667,6285.812554324299,Month-to-month,Fiber optic,No
58,21,64.97846488213224,7930.79665448248,Month-to-month,DSL,Yes
69,47,39.46225118207651,4364.969015746098,One year,Fiber optic,Yes
66,53,56.77593508772896,7702.891435020584,Month-to-month,Fiber optic,No
66,9,61.4129752528927,623.3282241216712,Month-to-month,No,Yes
69,52,102.75378955668742,2938.1323711257432,Two year,Fiber optic,No
29,57,93.3614380561402,1818.5425186939913,One year,Fiber optic,No
56,26,96.93048936413398,1582.7480113914748,Month-to-month,DSL,No
19,41,21.10312644286472,1143.607532163555,Two year,No,Yes
20,35,61.615399817976154,4986.860859696653,One year,DSL,No
66,63,68.13441516353237,6254.9484088634945,One year,DSL,No
54,25,21.919227682305667,4634.821227374478,Two year,No,No
66,38,45.981320874503425,1192.7624225139132,Two year,No,No
34,2,96.0289823122135,6492.767684069097,Two year,No,No
66,7,33.7109705728999,5094.918563166553,Two year,Fiber optic,No
19,34,73.53101314525917,3117.562334893424,Two year,No,No
19,17,41.52018720172375,5399.559758377783,Month-to-month,No,Yes
45,43,21.212077464389328,2094.041734357806,Month-to-month,No,Yes
40,59,44.12014575995415,2774.6338237838,One year,DSL,No
54,51,117.58737549100537,7341.537028193282,Month-to-month,DSL,No
49,54,100.15371118829896,2338.225955257935,Month-to-month,Fiber optic,No
50,24,115.95766443210334,3770.506379900334,Month-to-month,DSL,No
18,25,68.78540439263625,7123.326276420197,Two year,Fiber optic,No
36,71,30.97361986775035,5667.6163751348695,One year,DSL,No
19,52,74.7959488973693,516.3817447943279,One year,No,No
61,70,65.4377334559961,1195.4782933461834,One year,DSL,No
43,33,104.4357082739616,82.57589435989621,One year,Fiber optic,No
49,49,29.80825807842446,5054.755886028724,Month-to-month,DSL,No
23,29,68.82411370217781,3592.4339347751384,Month-to-month,No,No
49,63,35.00486646939842,1091.5133102001587,Two year,Fiber optic,Yes
21,22,52.467592689006,7664.314286033028,One year,No,Yes
28,26,93.73570773877996,4246.684597086047,Month-to-month,No,No
34,28,67.60181293687666,1950.3084870208556,Month-to-month,Fiber optic,No
55,49,57.58882851457693,4014.8164978145664,Two year,No,No
41,71,59.44762785700353,5443.37025522616,Two year,No,No
22,49,65.94467684059866,628.3889594290446,Two year,DSL,No
69,20,98.50165438370568,2212.136444082178,Month-to-month,No,No
51,63,109.20846889402344,6459.584617254269,Month-to-month,No,No
23,61,115.53346865039283,3688.1256658132365,Two year,No,No
39,49,98.6903386255295,4381.685593417714,One year,No,Yes
28,71,51.54068957480128,3473.8716976315645,Two year,Fiber optic,No
65,1,88.81347060865421,370.32154229118083,Two year,DSL,No
33,13,63.760312405539196,1342.6832429648443,Two year,No,No
50,51,45.467062204605114,3575.4222771602895,Two year,No,No
26,56,104.08715794259226,1689.300013955264,Month-to-month,Fiber optic,No
23,62,23.8426348962325,418.8326487042363,One year,No,No
33,32,110.17619921354235,6752.324319133553,Two year,Fiber optic,No
46,30,66.1477464624734,7849.916382729644,One year,DSL,No
20,29,83.72014768082803,6349.280134493981,One year,DSL,No
37,49,85.93539222057827,6833.203675203243,One year,No,No
53,45,109.51177407065364,1950.977499930022,Two year,No,Yes
36,30,83.66696821672073,7685.803264595334,Month-to-month,No,No
43,16,81.39335847600617,1591.4671215383585,Two year,Fiber optic,Yes
20,40,26.665204056068994,7612.409886687422,One year,No,Yes
36,19,71.8408021945204,7958.65796584829,One year,No,No
37,18,35.016900081704165,5699.547989853469,Month-to-month,DSL,Yes
49,1,93.74337687214856,7849.526979698739,Two year,No,Yes
24,47,71.22219208126745,4564.927440945487,One year,DSL,No
69,66,88.02277792083532,2091.143429745201,Month-to-month,No,Yes
58,38,24.16729006023843,3507.2271676116543,One year,DSL,Yes
50,51,28.47920160458032,4756.616264322712,Month-to-month,No,No
57,63,91.63233880626822,603.1908649755796,Month-to-month,DSL,Yes
56,4,27.208433599867337,4986.299251645624,Two year,Fiber optic,No
35,1,27.12567277652586,7849.79913736311,One year,DSL,Yes
57,8,21.210847523488745,1537.0590452741465,Two year,DSL,No
18,29,115.65013982994802,6344.909027981299,One year,DSL,No
28,55,93.75083594590069,7265.032374361363,Two year,No,No
45,3,55.32514085020642,7550.738710705362,One year,No,No
42,32,49.653558128765525,7681.882123155468,Two year,No,No
67,10,54.97032297458495,4181.247916997346,Month-to-month,Fiber optic,No
40,34,97.46535311811819,7818.9171057722,One year,Fiber optic,Yes
48,55,86.13706110704143,6063.335452932822,One year,DSL,No
47,32,38.51955678674679,1310.138061170956,Month-to-month,Fiber optic,No
59,50,37.41093353340844,3825.6628496144003,Two year,DSL,No
52,7,29.839564971339733,5752.282779468592,One year,DSL,Yes
24,8,86.03027197013381,1993.775720236285,One year,DSL,No
33,65,96.43726622217359,5132.109164720121,Two year,Fiber optic,No
43,57,46.5046428325004,5339.471822792021,Month-to-month,No,Yes
65,67,22.09449610309128,1318.3439555923558,Two year,Fiber optic,No
69,59,28.217166747642736,4529.380793372995,Two year,DSL,Yes
66,54,116.78600348450304,6177.58274960929,Two year,DSL,No
19,67,49.54447774774202,4001.1874029968167,One year,Fiber optic,No
18,51,96.92231478381336,116.58287187333725,Month-to-month,DSL,No
65,8,82.46635688542638,92.12698325275157,Month-to-month,DSL,No
29,34,58.19396396528959,2869.094164880697,Two year,Fiber optic,No
22,35,40.568726219555515,7411.02866608562,One year,Fiber optic,No
54,32,32.138641815940645,1844.840701236798,Two year,Fiber optic,No
49,46,81.50129680388666,5082.222237196063,One year,DSL,No
26,16,97.4633780637788,1792.1654481326982,One year,DSL,No
58,68,84.39042535411306,2586.926517483198,One year,No,Yes
52,37,73.03021332491583,6787.375875019842,One year,No,No
36,54,24.195122343163625,5836.314309314176,Month-to-month,Fiber optic,Yes
65,14,116.84887775943838,781.2862329594208,One year,No,No
33,55,99.87141916545745,3441.04212747174,One year,DSL,No
20,48,49.28220367009648,252.77471388921046,Two year,No,No
37,7,117.99703293588506,3857.503369892012,Two year,DSL,No
41,7,80.18815896363222,5306.223413374523,Month-to-month,Fiber optic,Yes
50,33,78.24226582072464,965.6509363132494,Two year,Fiber optic,No
41,23,94.8073179429532,2325.301812495142,One year,DSL,No
69,19,101.17697880901376,3194.736271507212,Two year,No,Yes
28,19,85.64786073315027,7357.857576755277,Month-to-month,Fiber optic,No
66,36,32.80957463662,7946.175023075253,Two year,Fiber optic,No
25,29,53.82675059944984,378.3921659850145,Two year,No,No
53,60,112.80836403260497,6092.843229493228,Month-to-month,No,No
55,2,42.46156118438519,2986.358049890699,Month-to-month,DSL,No
57,1,57.21670238375133,3151.816326111251,One year,No,No
37,47,63.2076882944196,6039.034487309241,Two year,No,Yes
52,69,63.940498969445215,7349.042928520361,One year,No,No
65,20,81.29395824945254,7608.410184130336,Two year,DSL,No
42,11,114.30758377447076,4625.4382365858,Two year,DSL,Yes
52,2,44.06927118325049,2869.8268512180125,One year,Fiber optic,No
42,67,32.150137630091805,6304.641705153059,Two year,DSL,No
46,12,39.74704898599373,2022.991038433156,Two year,Fiber optic,No
35,20,108.69249002092695,4521.310750091472,Two year,No,No
63,5,84.5810812655206,2881.4561229684878,Month-to-month,Fiber optic,Yes
35,37,48.590678923916016,5259.915968188851,One year,Fiber optic,No
19,38,101.59469389686173,1938.3833248901851,Month-to-month,No,Yes
52,9,106.1369996363436,1548.9117069639096,One year,Fiber optic,No
33,53,104.6514338690278,7347.547911669988,One year,DSL,No
58,44,111.89265336395545,832.3933899373045,Two year,DSL,No
53,24,45.22410201733616,4057.5441037247547,One year,DSL,Yes
50,30,95.50419287462783,1782.4052080448112,Month-to-month,DSL,No
21,59,66.053949727414,330.66110733882624,Month-to-month,Fiber optic,No
50,14,104.19985528900615,307.4301699655826,Month-to-month,Fiber optic,Yes
31,9,92.84906771616131,1418.2697414045022,One year,No,No
38,40,97.64474464997247,6936.827428957882,Month-to-month,Fiber optic,No
65,66,85.61618376810715,2274.180376936673,One year,Fiber optic,No
37,25,37.74287694697068,7604.66418119086,Month-to-month,Fiber optic,Yes
25,22,74.50269188969384,4661.345898053764,Month-to-month,No,Yes
24,4,118.46697395245081,3504.1812343547535,One year,DSL,No
20,26,113.73880664971189,4649.108900662248,Month-to-month,Fiber optic,No
34,58,24.31737357970117,4143.253114105617,Two year,No,Yes
50,29,36.481481572943714,6075.034504983455,One year,No,Yes
65,37,33.17287734545619,2274.318606463361,One year,No,No
29,70,92.59799099852955,2837.342124970413,One year,DSL,No
68,18,101.77853298569451,7154.872534215341,Two year,Fiber optic,Yes
39,42,41.35113663106719,7572.722974940236,One year,No,No
39,41,70.5852692951829,7142.614655342067,Month-to-month,DSL,No
63,38,104.07030280112,3367.194991779362,Month-to-month,No,Yes
47,34,93.28015447662506,6247.3167139949155,Month-to-month,No,No
55,17,74.22372054918483,3821.1591517427682,One year,No,No
55,37,79.03476904587728,3990.3680201258953,Month-to-month,No,No
62,25,70.836054691628,1653.347270277126,One year,No,No
68,27,49.75484513188206,4737.219820002962,Month-to-month,DSL,No
25,57,76.50219928590161,1505.3644640717166,Two year,Fiber optic,No
44,31,88.88853020500906,2665.8862985562064,Two year,Fiber optic,No
44,6,107.33229158608077,6843.141008927082,Two year,Fiber optic,No
51,40,83.62913539792481,1672.4649575026247,Two year,Fiber optic,No
38,12,96.1121537043158,587.8431156839938,One year,DSL,Yes
47,53,36.0071634954573,570.6805890502741,Month-to-month,DSL,Yes
50,71,66.15574744197899,7527.460473614801,Two year,DSL,No
45,10,20.93316198270933,4065.22509493544,One year,No,No
64,45,44.66788645216231,3287.1083330998063,Two year,No,Yes
50,17,92.64617151130048,6490.811076443189,Two year,No,No
22,26,119.18099513493634,6689.890904725918,One year,Fiber optic,No
65,62,29.91780995872159,2670.8844442625245,One year,No,No
36,46,60.14943158612883,5555.072098640886,Month-to-month,Fiber optic,Yes
21,64,100.00709686991596,6173.560070498055,Month-to-month,No,No
52,2,40.403563462889885,5244.112481190317,Two year,Fiber optic,No
66,54,75.50849493022862,1229.728696904793,Two year,No,No
34,65,93.30712960296748,7009.547006466115,Month-to-month,No,No
61,51,81.5985450260179,4321.9745308333495,Month-to-month,DSL,Yes
45,53,38.80247346154161,2274.1299624326293,One year,No,No
47,36,55.538456868573945,3413.3209197927977,Month-to-month,No,No
46,26,98.37917844853972,319.8173013832809,Month-to-month,DSL,Yes
63,29,75.42265141320166,1040.377073754892,Two year,Fiber optic,No
23,21,20.522961354291272,6129.06306911657,Month-to-month,DSL,No
52,11,96.09907600280938,20.092845347821807,Two year,DSL,Yes
58,40,23.531135494023907,3344.1953112886918,Month-to-month,Fiber optic,No
54,11,94.57337827312321,4189.631245062996,One year,No,Yes
41,36,40.24805601652374,455.9826716077589,Month-to-month,Fiber optic,No
46,59,115.80734801193802,7785.163740519216,Month-to-month,No,No
66,39,56.79407513020845,1824.4801433723821,Month-to-month,No,No
63,54,52.69316163380791,2447.505782697521,Two year,Fiber optic,No
48,55,34.888805033244466,2445.461247795118,One year,DSL,No
52,24,50.560421549021484,1858.7249636964523,Month-to-month,Fiber optic,No
50,22,107.66507618282006,31.7611002487651,Two year,No,No
69,69,119.63343376272474,5840.1714568222105,One year,Fiber optic,No
38,56,56.83095305068483,7735.427088398297,Two year,Fiber optic,No
49,33,64.86106309545426,1809.8619966146596,Two year,No,No
40,36,92.2070938202737,5311.116590591311,One year,DSL,No
50,20,108.61957804650746,5940.332689130547,Month-to-month,Fiber optic,No
20,62,79.30443341867841,6790.434525142387,Two year,No,No
35,26,59.15256981778293,3392.580992168601,Two year,No,No
42,66,61.262184084862376,2437.3886270106254,Month-to-month,Fiber optic,No
59,40,89.56181464968068,2615.855169503788,Month-to-month,DSL,No
48,17,20.321826360427867,5706.718238126133,One year,Fiber optic,No
20,1,81.95893374598407,6537.900142714976,One year,DSL,No
57,61,55.54930104413574,1469.2794626976893,One year,DSL,No
63,43,99.41973312770843,2980.1092450989663,Month-to-month,DSL,Yes
41,42,29.299063982313214,7217.482770058217,Two year,DSL,Yes
67,25,78.82022669483905,6457.414287164019,Two year,Fiber optic,No
49,39,68.09728898861238,7879.170054044557,One year,No,No
64,35,84.23255259052274,6038.9011122630045,Month-to-month,No,Yes
39,3,26.485359448296833,3157.6977042028198,Two year,No,Yes
40,44,77.99837874281313,4733.28991527721,One year,No,Yes
19,51,76.14845879595237,5294.893748893616,Two year,No,No
44,12,76.0660094416171,646.0774142106491,Two year,No,No
59,19,80.34876665964548,4365.085733648843,Month-to-month,Fiber optic,No
19,44,87.64679372263622,5680.3802112114245,Month-to-month,DSL,No
43,59,100.49889996807697,1355.2240059284618,Two year,No,No
34,49,46.98207201282143,6249.441105055946,One year,Fiber optic,No
57,61,102.5049410180062,4678.506788502611,Month-to-month,No,No
50,17,69.82556822634535,7618.729849866805,Two year,No,Yes
26,57,27.70582791343312,358.5299396909957,Month-to-month,DSL,No
60,55,25.85509292439792,2137.3025776926265,Month-to-month,DSL,No
65,47,53.42383186960608,4820.399956812596,Month-to-month,DSL,No
56,12,98.48969771114676,2386.548099403327,Two year,No,Yes
46,62,90.76809347409157,5721.1048292885125,One year,No,Yes
59,8,98.86149646724064,6076.86215452501,One year,No,Yes
43,21,71.72690564416094,838.0773932504661,One year,DSL,No
52,70,64.01989979554907,4120.558624370006,Month-to-month,Fiber optic,No
67,25,34.745252670628396,4080.946633616626,Two year,No,Yes
42,12,52.81927536093116,2966.860546320018,Month-to-month,No,No
41,15,63.40193661738753,7464.740403305984,One year,No,No
30,59,28.860042967961725,6623.500432588306,One year,Fiber optic,Yes
24,26,42.06119527112112,5583.730867638901,Two year,No,No
53,26,79.82252940637389,5720.3265531652805,Month-to-month,Fiber optic,Yes
62,47,93.56631142391899,3704.4948276286905,One year,No,No
37,32,119.83475113929497,7369.536278350675,Two year,Fiber optic,No
18,10,113.31133313435576,5562.871509481217,Month-to-month,No,No
25,16,84.25651995351916,5837.268872013416,Month-to-month,DSL,Yes
63,71,62.1248053294072,6896.293412223015,One year,DSL,No
33,17,83.61773647082327,2207.091282950684,One year,DSL,No
31,23,98.56516180802319,6460.42581285629,Month-to-month,DSL,No
29,26,31.833619092338733,1578.0200115928064,Month-to-month,No,Yes
68,7,60.99048896962883,2775.828778914205,One year,DSL,Yes
40,14,103.98022856356172,2698.171425073345,Month-to-month,Fiber optic,Yes
32,7,58.3832951933044,7828.633237745342,One year,DSL,Yes
45,9,77.18722712271865,6855.167045508456,Month-to-month,DSL,No
51,48,78.77693608621982,5615.3354954902725,One year,DSL,No
19,59,38.447625313363936,5821.9129576908135,Two year,No,No
49,39,56.22354416522884,4505.340899332517,One year,DSL,No
40,18,53.451128874193216,7577.783523525983,One year,Fiber optic,No
39,59,22.61967085320648,3980.144848001245,Two year,DSL,Yes
68,17,22.419176389135526,3056.5313247617582,Month-to-month,DSL,No
42,14,103.16970436757735,1321.021988714096,Two year,DSL,No
39,31,47.30708099728124,6293.921105043242,One year,Fiber optic,No
39,24,71.80787662388154,5880.862577963219,Month-to-month,DSL,No
66,60,49.8725573588773,3087.1532074225966,Two year,Fiber optic,Yes
69,45,114.06792451153404,221.0434433946503,Month-to-month,Fiber optic,No
59,3,45.92967588657737,6715.198675189726,Month-to-month,DSL,No
23,37,62.96568127389351,111.11550796350758,Two year,Fiber optic,No
32,43,107.27302504846018,5635.524241439826,Month-to-month,No,No
60,40,104.19335667918087,7762.651735613936,Two year,DSL,No
54,55,38.61014178462773,3512.5373986226637,One year,DSL,Yes
50,39,100.26433097957104,1895.087771867703,Month-to-month,Fiber optic,No
25,15,65.81868867378927,5644.870660146186,One year,Fiber optic,Yes
61,4,68.29688720853552,6540.682573284369,One year,DSL,No
61,25,33.34799724159438,4380.513922301221,Month-to-month,No,No
22,13,28.060151375712465,7736.9414965440465,Two year,Fiber optic,No
56,33,92.79393069737652,432.3163988305296,Month-to-month,Fiber optic,No
21,16,69.64611523552998,4048.2688744701345,One year,No,No
23,42,63.68507026151796,5753.26249963395,One year,No,No
62,66,92.95082286523967,6903.870959770448,Two year,DSL,No
49,55,96.55128989911097,1450.4597830241646,Month-to-month,No,No
69,42,35.89081676693536,6404.027784474178,One year,DSL,No
47,34,81.02251494776414,4430.602464233992,One year,No,No
64,30,33.535408227768556,3184.4983822799063,One year,Fiber optic,No
52,13,95.13750860290457,1071.0859280611667,Two year,DSL,No
57,13,85.69551562671396,6925.060156093121,One year,DSL,No
69,18,115.6614621083458,1275.0402012741285,One year,DSL,No
33,32,26.89580163564212,2492.107116488612,Month-to-month,No,Yes
30,39,25.70547211512543,2334.5633450602463,Month-to-month,Fiber optic,Yes
67,46,48.218707469320016,6973.883992843017,One year,DSL,Yes
59,29,46.1705683735906,5388.169893787006,One year,DSL,No
47,62,44.69787990719998,6377.517549587151,Month-to-month,DSL,No
36,62,110.62545805210367,2018.7338323641418,Two year,DSL,No
34,57,44.95461998495061,5006.4953148638515,Two year,Fiber optic,No
36,16,47.1949726128631,4582.532945487114,Two year,No,Yes
45,56,95.93982624179637,6665.986406770403,Two year,Fiber optic,No
43,10,64.973984245054,7250.574742640459,Two year,DSL,No
54,30,97.67105569551812,117.01103638954672,Two year,Fiber optic,No
43,25,26.536615756438522,5398.678954089165,Two year,DSL,No
40,5,68.75711936733843,433.64967697543756,Two year,No,No
26,65,23.361360018328263,4399.8921473173,Month-to-month,No,No
29,49,26.26532034553545,2315.309177768552,Two year,No,No
18,3,110.64374533444109,2468.077264186687,Two year,DSL,No
18,45,33.92453711175952,2836.6088575498056,Two year,Fiber optic,No
64,14,73.24206822752171,4977.913743415888,One year,No,Yes
51,30,61.10956026007065,2685.718726036778,Month-to-month,DSL,No
49,68,54.73433262588427,5866.938423710438,Month-to-month,DSL,No
65,18,109.98333456872724,3248.12853687948,Month-to-month,Fiber optic,No
42,62,22.18233967754895,565.4585384734697,Two year,No,Yes
57,37,86.37896861755891,6274.403543023176,Two year,DSL,No
62,25,116.33944342135504,2300.351430249794,One year,Fiber optic,No
18,48,76.0168183461842,3473.4796992021156,Month-to-month,No,Yes
33,65,113.68224620330918,5489.842188110774,Two year,Fiber optic,No
56,53,25.225787928602376,2673.000134046722,Month-to-month,Fiber optic,Yes
22,15,61.87933190741614,471.5535360507907,One year,DSL,Yes
39,49,46.015779096205115,3003.8899551622526,One year,DSL,Yes
46,68,93.08209649807299,7556.699689900542,One year,DSL,Yes
20,12,118.12970904972467,5141.040490442494,Month-to-month,Fiber optic,No
29,59,45.65300624442478,5378.403606364312,Two year,DSL,Yes
43,37,85.41746014740745,5065.611586028366,Two year,Fiber optic,No
33,61,39.809763275974014,1607.9572688963055,One year,Fiber optic,Yes
68,43,76.53302545716099,3358.3042355361954,Two year,DSL,No
54,70,66.39324866883362,6012.49959093928,One year,No,Yes
39,39,117.2005329631537,828.95572247421,Month-to-month,No,No
46,56,80.85272726964666,2237.2651531959036,One year,No,Yes
31,63,54.950637208681876,2225.026485557512,Month-to-month,Fiber optic,No
45,46,31.409578488793336,3467.511042204158,One year,Fiber optic,No
22,11,35.124682873493455,7843.342552718636,Two year,Fiber optic,Yes
64,62,42.53169299512351,558.6703225368991,Two year,DSL,No
66,25,45.0966661340298,4159.233935157148,One year,Fiber optic,Yes
47,71,105.06160578411378,1451.3301624574394,Two year,DSL,Yes
63,52,76.12227882825249,7765.998832369758,Two year,DSL,Yes
69,4,72.33909113743664,924.1619677251643,Two year,No,No
22,59,31.476887186921747,3240.735998845498,Month-to-month,No,No
29,20,106.0139693349435,5908.322178980157,Two year,No,No
33,63,92.28143032084837,5642.344335659013,Month-to-month,DSL,No
43,54,26.76683619000016,3393.3745224135796,One year,DSL,No
43,57,90.78350972297687,2785.2628602626914,Two year,DSL,Yes
65,41,74.35382173426461,3192.946780851907,Two year,Fiber optic,No
38,3,28.172534574677826,2128.9245800059416,Two year,DSL,Yes
56,6,65.83006415286565,1658.5568508802623,One year,No,Yes
53,5,68.4696287130047,3874.656786519942,Month-to-month,No,Yes
50,5,36.57745401632758,2162.8993734195064,Month-to-month,DSL,Yes
47,54,114.56981470002823,2313.944085880056,Two year,DSL,No
54,47,104.99753714806619,5260.913386526965,One year,No,No
40,49,86.90223373291083,7748.92790696514,One year,DSL,Yes
27,9,66.22955610006072,4837.024860463814,One year,No,No
22,20,61.17655415845085,634.2961471784309,One year,Fiber optic,No
53,61,85.09734671509541,623.1572385554545,One year,No,No
51,35,74.54318694069055,7612.3573023476165,Month-to-month,Fiber optic,Yes
69,50,26.227310588188562,2392.3805066525224,Month-to-month,DSL,No
48,62,71.25026487703317,754.694548938154,Month-to-month,DSL,No
27,17,100.64036172328395,4800.375805460045,Two year,Fiber optic,No
36,3,65.9239877596958,4996.717250756324,One year,DSL,No
49,32,25.195657755426843,5195.068464547131,Two year,Fiber optic,Yes
18,13,98.6278199384033,2153.8681823031798,One year,DSL,No
22,68,40.13637821359744,140.58326003151078,Month-to-month,No,No
62,14,45.862083488803876,7720.822648246685,Two year,DSL,No
21,11,36.47063534322959,2022.1265046149979,Month-to-month,No,Yes
33,56,53.02150648714976,5414.689778659329,One year,No,No
41,67,95.6751505688635,5658.906361632103,One year,Fiber optic,No
33,29,71.93858595039373,4887.859188294296,One year,DSL,No
19,9,40.488127415071254,2517.0010058249127,Month-to-month,Fiber optic,No
66,67,107.78300781520409,2183.3481050372447,One year,DSL,No
45,25,107.95818549515292,4789.39289596757,Month-to-month,No,No
49,42,107.05784250460069,6931.4431562212985,Two year,No,No
44,9,43.87962113815393,7574.935156808697,One year,DSL,Yes
37,40,65.12393441809881,865.1283191419859,One year,DSL,Yes
41,25,118.49896561408751,1255.5323285298043,One year,Fiber optic,No
29,5,97.20124763099903,7558.995345088975,Two year,DSL,Yes
67,11,22.71674212255598,5897.551122111645,One year,DSL,Yes
52,59,26.520459126049204,7066.290722141589,Month-to-month,DSL,Yes
50,38,66.39313768123327,1637.0084204000384,Month-to-month,Fiber optic,No
50,5,110.92202058615601,4708.9352514530265,One year,DSL,Yes
68,48,73.87017979527143,5615.09396345144,One year,No,No
60,18,69.78125080342903,5447.292845866842,Two year,Fiber optic,Yes
54,70,30.547369995663058,3277.050493116251,Two year,Fiber optic,No
29,37,85.6780104724294,142.85123569664165,Two year,No,No
20,60,102.21031606002255,4671.74993329802,One year,No,Yes
18,48,58.04200075075623,2039.750282653278,Two year,No,No
50,28,97.56118509253275,3613.028884220265,Two year,DSL,No
57,69,116.44766539008116,7661.496500368862,Month-to-month,No,No
27,40,40.37664591276891,3204.301834786629,Two year,DSL,No
60,45,72.33296311947413,6721.616821182125,Month-to-month,Fiber optic,No
61,62,48.713795808457554,1524.554033879024,Month-to-month,Fiber optic,No
46,58,99.28544190338394,5386.23477423973,Two year,No,No
30,67,77.75933658811576,7816.515496422769,Month-to-month,DSL,Yes
29,56,83.45824175503037,833.1069449660356,One year,No,No
48,40,99.79141596158941,86.39313897299226,One year,No,No
63,40,59.59704726624549,3479.9906852082627,Two year,DSL,No
19,33,111.50900684070432,759.1513547499102,One year,No,Yes
68,6,73.302886724614,5992.107110416327,Month-to-month,Fiber optic,No
67,19,35.7954822835348,7318.0983375115,One year,No,No
52,40,89.58991181688025,3483.4873622158957,Two year,DSL,No
40,59,99.32613504382545,2084.5189044004187,Two year,DSL,No
34,59,51.676167706752665,3486.538485672746,Month-to-month,Fiber optic,No
43,48,105.7179256998753,5793.113586443008,Two year,DSL,No
25,41,110.61432547657664,92.25220941136041,One year,DSL,No
46,13,47.6904487377809,4723.842836087883,Two year,Fiber optic,No
43,45,118.3521472715222,4914.067645401285,Month-to-month,No,No
27,53,34.071152804875844,5108.752210229565,Two year,Fiber optic,No
43,42,40.201566840249,1951.3361982474003,One year,No,Yes
51,63,38.422483923802616,5718.140732557452,Month-to-month,Fiber optic,Yes
68,27,109.39897100078704,749.3040609275757,One year,No,No
58,38,85.42925523249619,1610.1772850050704,Month-to-month,Fiber optic,Yes
24,60,35.21042832222729,7022.210972302766,Two year,No,Yes
21,7,64.03234183683489,5915.010742797999,Month-to-month,Fiber optic,No
67,5,81.5298025069802,129.6895210105351,Month-to-month,No,Yes
62,45,28.34640849893833,2002.0425577510057,Two year,Fiber optic,No
28,58,108.24163684073388,1730.9637342854533,One year,DSL,No
46,31,100.36035354415351,2181.034497735041,Two year,No,No
53,23,70.52067735766383,1995.5269668334936,Month-to-month,Fiber optic,No
42,42,116.71266152591704,518.959840027909,Two year,No,Yes
38,10,61.77609792750997,3682.345322442626,Month-to-month,No,No
53,32,118.41103190364979,5867.213128793598,Two year,Fiber optic,Yes
27,53,86.79199988036271,4861.719163245142,Two year,No,No
54,30,83.46712732539415,5389.515915412677,One year,Fiber optic,No
26,39,36.5954895295785,667.5704447191885,Month-to-month,DSL,No
41,31,108.1927758304644,7612.895867210762,One year,No,No
52,2,62.74896879206152,6711.164834067338,Month-to-month,DSL,No
66,12,36.223340578247935,6444.620741595389,Two year,No,No
52,39,21.260751997575905,6587.410764233305,Month-to-month,No,No
65,66,75.97556836383825,7463.029854899436,One year,No,No
53,13,72.73996221226764,4363.146649587307,One year,Fiber optic,No
35,46,91.93536223691585,1618.2505025836547,One year,DSL,Yes
66,27,109.02580530178021,4941.933190663279,Month-to-month,No,No
56,17,27.940658464302953,5948.1943194701535,One year,Fiber optic,Yes
49,60,93.14964903403623,5908.580798965123,One year,No,No
41,64,38.74119440975822,4181.163212851703,One year,Fiber optic,Yes
40,35,105.8177053157164,566.3005802819529,Two year,No,Yes
49,70,101.90635138616561,2981.48124867242,Two year,DSL,No
54,30,74.07937549855444,7367.717535537591,Month-to-month,DSL,No
29,71,91.02427986233116,4683.9022998642595,Month-to-month,No,No
66,63,51.43501131837484,4315.888907180593,One year,Fiber optic,Yes
30,28,67.11678989328146,2165.4510447699045,Two year,No,Yes
40,60,102.16368977104716,2960.2223809342995,One year,Fiber optic,No
42,37,65.92651971732138,7164.861791442291,One year,No,No
52,22,55.77982653254418,5338.375119264149,Two year,Fiber optic,Yes
58,68,69.42124472503,6303.3484734836165,Two year,DSL,No
47,20,102.82492524372184,3645.676476079888,Two year,No,No
34,68,53.520804737087275,5049.37281126014,Month-to-month,DSL,No
66,64,37.37615931357438,2002.101197770796,Month-to-month,DSL,No
37,17,91.20140203307808,5649.577425662221,One year,No,No
65,12,102.59782127080818,3432.258642952632,Month-to-month,No,Yes
42,22,30.063747852353334,3551.5132082216696,Two year,Fiber optic,Yes
39,17,43.98741127559447,5201.592150123515,Two year,Fiber optic,No
30,10,34.197198976099386,7491.519359322035,Month-to-month,DSL,No
36,65,54.79414115821666,530.770645936795,One year,Fiber optic,No
66,22,65.03509789054127,6601.451034029121,One year,Fiber optic,No
53,50,94.88263369633064,2353.217221089301,Month-to-month,No,No
29,14,85.11475848816741,3562.477246960895,One year,Fiber optic,No
58,64,82.09285674784311,194.86836362457146,One year,DSL,Yes
36,47,55.23749466096544,2422.347701117818,One year,Fiber optic,No
29,29,104.144755308476,4030.9973161884413,Two year,DSL,No
26,36,67.12871673981645,468.2850972325633,Two year,No,No
24,52,117.91049380151546,3938.9439204776577,Month-to-month,DSL,Yes
45,7,83.41421382957368,7418.34281829025,Two year,Fiber optic,No
31,29,32.62647415645027,861.0378805002856,One year,No,No
48,11,87.6177562075434,6120.237010042525,Two year,Fiber optic,No
69,33,52.5104015431699,3289.175005940421,Month-to-month,No,Yes
36,6,88.63271966860974,5248.286241904218,Two year,No,No
64,32,26.964114816240574,2096.6880519221304,One year,Fiber optic,No
33,51,37.48814371759594,1292.7482550800391,One year,Fiber optic,No
22,58,105.57372589057863,1300.491661884387,Month-to-month,No,Yes
52,26,42.71795570235149,582.5257262322943,Two year,No,No
29,46,103.704112524294,1501.4607051119192,Two year,Fiber optic,Yes
42,29,47.92760884544104,5320.470692211967,Two year,DSL,No
69,4,84.28819100587077,7055.891082511194,One year,Fiber optic,No
38,13,89.4150573509831,6516.7229710174715,Month-to-month,No,No
53,39,71.2654753145053,5487.3717927983835,Two year,Fiber optic,No
40,15,50.53106766967313,901.2462700205994,One year,DSL,Yes
33,29,41.26443763710961,2327.7158214416795,One year,Fiber optic,No
56,29,23.31893545624262,2492.2588650733023,One year,No,No
62,32,50.39464012407238,2014.6564322530173,Two year,Fiber optic,No
59,2,85.3162790531283,4129.74516448359,Two year,No,No
56,47,113.83048184484826,4293.719442739787,Two year,No,No
31,22,107.1204482263052,2867.9500818654597,Two year,Fiber optic,No
48,27,96.60647765353026,2843.2374867167596,Two year,No,Yes
22,67,98.84473432532987,6631.873671290529,Two year,No,No
52,56,86.49849034759953,6318.556929591091,Two year,DSL,No
40,21,46.0286857566003,2476.21073681235,Two year,DSL,No
46,47,110.71950307058299,7312.031782108609,Two year,DSL,No
60,59,87.0732311905834,7623.463835679998,One year,DSL,Yes
28,6,76.04406309804399,2627.405485399726,Two year,No,No
35,19,31.09894692134811,2848.3110913685778,Month-to-month,Fiber optic,Yes
64,57,64.70555438064254,4054.9605443072314,One year,No,No
29,69,66.03582712019264,7530.144084018715,Two year,No,No
26,3,106.45636095226699,7013.029076475646,Month-to-month,No,No
27,1,74.66482201877885,838.4923414170466,Two year,Fiber optic,No
61,58,58.04005489704097,3153.9913313059014,Month-to-month,DSL,No
34,38,117.68003285106593,4435.902094203179,Month-to-month,No,No
55,15,31.072059332631568,4034.9971309612893,Month-to-month,No,Yes
24,34,62.25484283119446,1567.0272821364035,Month-to-month,DSL,Yes
63,61,24.20246751714053,6873.357833921875,One year,No,No
30,35,93.99041207669303,5421.987448314762,One year,Fiber optic,No
57,64,111.80765521991506,6706.508831317393,Month-to-month,No,No
59,25,48.003732955048946,6872.9389492087885,Two year,No,No
26,24,105.83416767991208,5991.879712252603,Month-to-month,DSL,No
67,12,49.221823046189776,3524.9005979727444,One year,No,No
44,18,111.07701616439152,4892.163105023088,Two year,No,No
19,15,95.3961903596784,1299.7159408355503,One year,Fiber optic,Yes
22,27,100.49067768414386,5395.690431449763,One year,DSL,No
46,60,21.80065556004545,1450.4409807994605,Two year,DSL,No
54,46,116.2810357074026,5557.717732271051,Month-to-month,Fiber optic,No
55,17,92.66709920703232,1852.19332281667,Month-to-month,No,No
36,53,50.47510953861333,958.0593751987553,Month-to-month,DSL,Yes
25,8,102.9394664858847,1338.9702313408002,Month-to-month,DSL,No
65,27,48.152119841493,35.89723904818074,Two year,No,No
62,46,107.2753839566128,5755.542150471171,Two year,No,Yes
18,50,31.2580390411937,5864.560371485865,Two year,DSL,No
39,71,90.36859774607957,4129.16813230781,One year,No,No
69,3,74.06984766449104,1307.675152421962,Two year,DSL,No
34,64,29.653447019544082,686.7636133353042,Month-to-month,No,No
24,44,44.1893828258839,172.64915216955035,One year,No,No
42,53,21.240403627731478,1342.6704521824613,Month-to-month,Fiber optic,No
62,24,66.87679654645058,7129.027169165511,Month-to-month,No,No
21,60,50.12652607600003,1947.4639967794205,Two year,Fiber optic,No
53,3,79.83574842977589,2847.085191193381,Two year,No,Yes
23,20,49.72378077086172,860.6569661610388,Month-to-month,DSL,No
48,46,49.99191115069847,1794.443211890399,Month-to-month,DSL,No
36,15,94.31931987316034,4163.412074826037,One year,No,No
61,25,24.814283597835345,4869.866411103308,Two year,No,No
56,71,110.28949951919873,1977.9114670463644,One year,DSL,No
44,17,105.22638743911814,480.70263061643533,One year,No,No
27,9,86.78046832264066,3140.442295636641,One year,Fiber optic,Yes
43,38,79.32215701073844,1888.9428999921465,Month-to-month,Fiber optic,Yes
36,48,109.23024981396523,1772.0403073738196,One year,Fiber optic,No
56,60,38.53301795287145,7679.705165653373,One year,Fiber optic,No
20,63,27.89691621908286,4938.077877687278,Month-to-month,Fiber optic,Yes
62,2,43.95101699095381,4463.889976513326,Two year,No,Yes
30,11,99.45782787001903,3337.885326116109,Two year,No,No
67,64,23.46702667264833,3442.9757807725514,One year,Fiber optic,No
45,21,78.28068350834897,4336.421930627885,Month-to-month,No,No
37,18,119.54375161913099,5577.509860148136,Two year,No,No
45,64,105.56960938375394,5623.125847530999,One year,Fiber optic,Yes
25,38,72.14456890435895,1390.1173834894876,One year,No,No
58,32,26.364090928664233,4010.8997615714834,Month-to-month,No,No
56,11,103.13735143857099,3307.4255983721337,One year,No,No
18,45,79.89785081772106,6966.805190829686,Two year,Fiber optic,Yes
20,33,31.493299705956684,5058.722991322644,Month-to-month,No,Yes
30,41,29.385728482335622,4269.382449999534,Two year,DSL,Yes
45,8,110.96268194365923,940.8492445877606,Two year,DSL,No
66,11,86.92002629380784,4852.990356800823,Two year,Fiber optic,No
42,51,102.92867993167555,955.2871673282627,One year,DSL,No
50,41,107.89789002822673,2710.9084730147015,One year,Fiber optic,No
55,17,77.17723520483221,1159.8788792183684,Two year,DSL,No
23,46,71.74463517550413,5542.747703254464,Two year,DSL,No
61,32,63.042741032099016,1665.8918684124978,Month-to-month,DSL,No
62,54,51.69465877911193,3147.0377980404473,Month-to-month,Fiber optic,No
49,20,63.459596085871176,7167.484725397854,One year,Fiber optic,No
62,33,97.38796557301563,1650.444739523783,One year,No,No
64,40,80.19234310151316,4072.2844103910575,Month-to-month,Fiber optic,No
38,32,109.2523289954846,3365.7878561048556,Two year,DSL,No
33,2,64.33800143791876,164.62984754492328,One year,DSL,No
38,33,80.7089578718754,6346.209746311046,Two year,Fiber optic,No
28,30,83.13075530919888,570.9863323905058,Month-to-month,Fiber optic,No
54,33,79.16971623063256,3804.5550673960897,One year,Fiber optic,No
53,26,90.26337730855164,4494.212793612821,One year,No,No
52,22,43.74334683748063,5034.843123784405,Month-to-month,DSL,Yes
36,66,71.23637775457907,5515.2804018768475,One year,No,No
37,38,30.42248028083477,2041.1136205112664,Month-to-month,No,No
35,46,58.45113276448126,99.630637734426,One year,DSL,Yes
64,15,68.76670686212644,5793.080425592198,Month-to-month,DSL,Yes
58,44,85.22242595454725,4294.539662793677,One year,Fiber optic,Yes
66,49,115.05310525862035,6692.219271593845,Two year,Fiber optic,No
31,61,80.06510665483559,6574.67913594754,Two year,No,No
32,67,94.35939161765597,6749.742818947308,Two year,Fiber optic,No
48,6,70.62660594952027,3891.0553866367304,One year,Fiber optic,No
18,9,83.41040313763312,2682.354598778188,One year,DSL,No
20,6,27.093221613377345,6336.634456679132,Two year,DSL,No
33,32,45.4391580841847,3621.3270219734545,Two year,Fiber optic,No
40,41,56.185309320513866,1483.8687272994073,Month-to-month,DSL,No
28,8,67.24933550065136,6842.692676100565,Month-to-month,Fiber optic,Yes
29,50,24.564874550238372,7062.827816643331,Month-to-month,DSL,No
27,62,34.00240975533177,3741.1518539985577,Two year,DSL,No
49,62,47.68143077913058,624.083823932104,Two year,DSL,No
33,7,117.15326909010507,3114.8521975371114,Two year,DSL,No
25,4,53.134700710305076,6432.230522511575,Month-to-month,Fiber optic,No
55,6,68.20410581120825,7216.156747798905,One year,No,Yes
29,58,39.60977127383929,1643.7124851308147,Two year,DSL,No
41,22,81.07800710757682,554.4494239616668,One year,Fiber optic,Yes
45,26,48.068321551597435,7021.256616000052,One year,Fiber optic,No
25,3,40.69925784384267,3127.451413051425,One year,DSL,No
45,41,71.65726284459791,4343.2524948551545,Month-to-month,No,No
53,60,20.550579916042082,7745.165180165056,One year,DSL,No
43,14,20.766403264922534,551.1865287554983,Two year,Fiber optic,No
25,12,41.90688091018578,5193.577699467723,Month-to-month,No,No
67,12,23.672136250082115,611.3612721474393,Two year,Fiber optic,No
45,13,30.802575413069135,3016.242049162673,Two year,DSL,No
45,25,53.88606493387516,6434.440070643705,Month-to-month,No,No
54,45,100.25856795798128,3479.1084173899626,Two year,Fiber optic,No
58,19,77.20486433693009,7977.5151841455445,Two year,Fiber optic,Yes
53,55,71.26677259564164,4481.2930938738855,Month-to-month,Fiber optic,No
44,45,49.348882320812166,2582.8739780349088,Two year,DSL,No
34,8,113.17537194328163,1776.4883807199299,One year,No,No
26,53,59.70150412371917,2817.153863603571,Two year,DSL,Yes
50,55,28.70927667957715,2992.8155246012157,One year,DSL,No
37,32,81.70665161178013,568.3351482372086,Two year,DSL,Yes
30,51,31.383839347660142,2969.20211142565,Month-to-month,No,Yes
45,44,54.52231428016921,3724.623387519015,Month-to-month,DSL,No
65,70,70.7411938717809,5787.447262865661,Two year,DSL,No
46,18,107.42225246851758,5260.701288078431,Month-to-month,DSL,No
30,22,69.35465803401186,5675.949928728651,Two year,DSL,No
63,37,90.22587660316643,86.74218137731965,Month-to-month,Fiber optic,No
52,56,119.28168389990704,1756.9858486526778,One year,DSL,No
23,59,33.148911989798165,5300.240621430855,Two year,Fiber optic,No
35,3,47.473152551951955,3882.235158074382,One year,DSL,No
68,28,59.45760755976464,62.40153583340065,One year,No,No
22,35,62.18281785388314,6439.8672466059425,Two year,Fiber optic,No
64,61,61.102107526554576,6187.020394856892,One year,Fiber optic,No
42,54,110.76110025565549,4396.38492068863,Two year,Fiber optic,No
19,63,91.40326444668564,550.3773396946515,One year,Fiber optic,No
27,7,80.79052140907038,6136.790095270026,Two year,No,No
47,49,50.93727178627821,4678.034430096284,Two year,DSL,No
67,31,102.37903842212947,6260.040617720514,Month-to-month,Fiber optic,No
62,58,115.5060511484989,6018.9409993188065,Two year,No,No
22,61,102.11982825502265,6427.95653422354,Two year,Fiber optic,Yes
50,24,20.15651051914729,4153.704369908906,One year,DSL,No
18,20,83.64013701834071,1139.7896551842496,Two year,Fiber optic,No
35,37,25.11353814421007,5375.836637569915,Month-to-month,No,No
49,4,45.76072203337219,4971.380804714725,One year,DSL,No
64,20,25.952470034777168,5943.180433848715,One year,No,No
66,60,80.37954529493877,1375.6504282848678,Month-to-month,DSL,No
28,24,88.65899134926067,1575.902095204308,One year,DSL,Yes
38,50,31.448763806590513,7125.467947410241,One year,DSL,No
43,49,58.38388830449795,6004.822831647525,One year,Fiber optic,No
42,51,65.62365089555419,7267.663339828577,One year,No,No
39,36,56.90530217609166,6074.548262888087,Month-to-month,No,No
44,66,32.1025000485193,4785.299341802609,Month-to-month,No,No
66,34,61.89477901874754,5239.9792414824315,One year,DSL,No
30,36,95.11780478084181,7115.240833041279,One year,Fiber optic,Yes
50,6,27.100766453325548,4638.877901005286,Month-to-month,DSL,No
51,39,28.018001408190344,5066.482768140531,Month-to-month,No,Yes
58,42,55.47712918359842,1268.6841937087327,Month-to-month,Fiber optic,No
52,58,114.1725711618925,3801.8913365265,One year,Fiber optic,Yes
18,12,86.85726467229141,5736.84895342563,One year,Fiber optic,No
38,3,87.86699566725648,2182.122732564596,Two year,No,No
65,18,56.1919990837865,1633.9883605857888,Month-to-month,Fiber optic,Yes
23,40,79.36607912085384,2524.3379296308362,One year,Fiber optic,No
45,21,21.01311840277434,1947.175011382811,Month-to-month,DSL,Yes
34,15,83.60960464095422,1735.002843550439,One year,DSL,No
22,26,111.32869475762368,3410.3097260873337,Month-to-month,Fiber optic,Yes
48,8,81.25734683448192,7264.551340790602,One year,Fiber optic,No
22,42,107.3698593466345,4066.335980974972,Two year,DSL,No
55,44,92.39730554660937,1519.6046389062778,Two year,DSL,Yes
20,14,32.055841640369025,634.2339216593751,Month-to-month,DSL,Yes
40,2,110.24533072858418,5575.326038200644,One year,No,No
54,37,26.64438443557749,3074.734140202375,One year,No,Yes
54,69,73.39674725477639,6578.210953751167,Month-to-month,DSL,No
27,38,34.213712379345765,5282.895933753346,One year,Fiber optic,No
27,41,21.170661073090407,6374.006775320121,Month-to-month,DSL,No
36,62,62.2034260127639,2190.129394559221,One year,No,No
34,60,49.50407076541562,5545.024201239244,Month-to-month,Fiber optic,No
38,14,68.60004937976029,2127.214637855876,One year,No,No
31,2,77.71998867345508,7513.766466013327,Month-to-month,Fiber optic,No
26,70,24.373907230894737,5098.266766636328,One year,No,Yes
63,17,32.30032951237456,2609.6041653992297,Two year,Fiber optic,Yes
18,28,75.86423964504255,2170.7046610923358,One year,Fiber optic,No
68,66,54.316735317265824,1543.594148871715,Month-to-month,Fiber optic,No
62,35,92.9173487549448,5563.234851971948,Two year,Fiber optic,Yes
30,5,85.22916485919397,1765.35059172346,One year,No,No
21,65,104.56043629899068,4770.520062101363,Two year,No,No
18,40,89.24928266692253,2131.7875148643516,One year,Fiber optic,Yes
66,56,62.99310773901481,5302.512179455071,Two year,Fiber optic,No
57,36,87.29666223944324,6523.219033753503,Month-to-month,No,Yes
49,45,47.538117425541856,6228.641440294332,One year,Fiber optic,No
51,23,50.631349877821265,6091.593620827638,One year,Fiber optic,Yes
45,47,98.89851599207933,1518.0247974241715,Month-to-month,Fiber optic,No
48,31,64.64195164015823,725.3118769364593,Two year,DSL,Yes
25,11,99.83803405183525,5597.611651329337,Month-to-month,Fiber optic,No
56,10,102.24223736682784,2959.4107660789236,Month-to-month,DSL,No
43,67,105.75623376612837,3470.1228866987117,Two year,Fiber optic,Yes
51,14,111.66352358412072,268.5697604912607,Month-to-month,No,No
20,10,63.098522051329624,2091.4200652148925,One year,DSL,No
67,1,51.88668183211388,288.7377029182229,One year,DSL,Yes
29,5,78.21987465941139,7035.902465357956,One year,Fiber optic,No
18,20,57.117242343762754,1962.3055320838732,Month-to-month,Fiber optic,No
61,8,80.1074166800233,4467.550613192604,One year,DSL,No
22,43,90.55858626438246,331.05497887582067,One year,No,No
47,1,88.84050184921368,5341.442182619151,One year,No,No
47,57,57.45528870201213,2597.758219117669,One year,Fiber optic,Yes
34,64,36.68602016987528,7185.395111922173,One year,No,No
65,28,63.05293384622075,7107.183147693606,One year,No,No
64,37,34.25941440819088,2615.8191345267473,Month-to-month,Fiber optic,No
40,47,109.00970351838083,7209.667947609933,One year,No,No
32,37,54.58774607378574,7969.338234520255,One year,Fiber optic,No
54,49,35.44597472233238,6606.816999709105,Two year,DSL,Yes
38,44,22.544775990575086,6762.073355086727,Month-to-month,Fiber optic,Yes
31,56,84.58223862864843,2007.0897141505375,Month-to-month,DSL,Yes
19,28,83.69023174547432,4622.0851428848955,Month-to-month,DSL,Yes
28,6,54.060416658129164,556.7021934595955,Month-to-month,No,No
68,61,27.1711888847651,777.4451358369244,One year,No,Yes
56,20,60.9628894895232,7991.1630440256595,One year,No,Yes
55,2,51.121749506339356,2626.5812104187694,Two year,Fiber optic,Yes
51,37,87.71206397350093,5990.507618149794,Two year,No,Yes
55,20,80.57792494526903,6457.187123153995,Month-to-month,DSL,Yes
67,26,56.459372819754,6867.025702637689,Two year,No,Yes
51,29,41.78925542549901,7981.0738132692095,Two year,No,No
35,1,118.80359661555919,1947.1419523498055,Month-to-month,Fiber optic,No
47,35,65.40016211961148,341.9995983404037,Month-to-month,Fiber optic,Yes
32,70,88.82742357802371,3301.308313596796,Two year,DSL,No
44,59,34.055296757836075,1058.0437452349965,One year,Fiber optic,No
68,69,68.55896996593978,198.9585955131999,Two year,No,Yes
51,33,22.75367198694655,2896.206080589059,Two year,Fiber optic,Yes
69,51,70.54551179104499,6274.231243580387,One year,DSL,No
55,12,116.40174071177023,4538.121915976066,One year,No,No
50,20,58.420671298580025,2515.968353898625,Month-to-month,DSL,Yes
41,53,23.89960125749116,5241.649203831903,Month-to-month,Fiber optic,Yes
32,43,23.095579091934354,1871.5050788643096,Two year,Fiber optic,No
47,50,58.798675994686946,134.76393965523852,One year,DSL,No
59,29,36.00249364631941,6119.54002376269,Month-to-month,No,Yes
68,57,22.33520963281859,4997.469817214793,Two year,Fiber optic,No
34,39,95.62136139501769,6103.174943517661,One year,Fiber optic,No
22,56,65.85230088818906,330.72537316757155,Two year,No,No
46,43,48.92447719726545,6700.214630088604,Month-to-month,Fiber optic,No
21,50,110.00831830164807,4963.8190762897,Month-to-month,DSL,Yes
27,23,31.61389602005256,4515.894898686868,One year,Fiber optic,Yes
34,44,115.59188289553192,5004.420103953962,Two year,Fiber optic,No
27,38,51.39667173773528,6918.177310009545,One year,No,Yes
34,23,108.84036723086813,4703.753322340079,Month-to-month,DSL,No
37,45,80.29428764794616,4655.984031507671,Month-to-month,No,No
41,52,102.67073597414874,7925.619673384811,Two year,Fiber optic,No
22,50,118.40131632104642,6058.706733207173,Two year,Fiber optic,Yes
51,8,48.84054378187457,3549.5045675000597,Two year,No,No
23,1,116.1135485407593,5665.028060262764,One year,No,No
19,8,58.94818949024204,3126.059164100472,Two year,No,No
30,29,58.55119047369223,1846.426190618322,Two year,DSL,No
60,5,54.03871042545057,4782.877977564321,Month-to-month,Fiber optic,Yes
60,47,74.14076073475852,7426.893142949332,Month-to-month,No,Yes
65,34,35.41450431784871,7434.533369723393,Two year,Fiber optic,No
28,65,75.37114853580113,2748.4041192818127,Two year,DSL,No
68,55,74.1704812410004,4230.866180449126,Month-to-month,DSL,No
64,43,96.190181260487,1708.8544705874924,Two year,DSL,No
40,30,103.36499619375856,7965.13625380109,One year,DSL,No
33,17,64.0441350312424,7849.320904786127,One year,Fiber optic,No
48,26,50.233324935149376,5203.08125906543,One year,DSL,Yes
28,8,45.93348973170944,6439.224196226238,Two year,DSL,No
33,47,39.46238367048719,5726.499287043926,Month-to-month,No,No
25,46,25.76475821990249,4753.4025879349565,Two year,DSL,No
21,68,54.244797883471335,445.7170159714036,Two year,No,No
57,33,47.02476921307833,3649.0194535702353,Month-to-month,DSL,Yes
21,1,116.64173858664074,5404.794691295936,Month-to-month,DSL,Yes
42,19,75.77088262500439,5426.702278791804,Month-to-month,No,No
20,31,54.72770390305075,2997.518495010621,One year,DSL,No
49,14,78.0467600993696,7534.702053531084,Two year,Fiber optic,Yes
20,53,33.91967013456955,1355.5091172495124,Month-to-month,Fiber optic,Yes
44,48,64.40437492022029,4012.868380800174,Two year,DSL,No
46,69,82.62343214210638,5533.254132875566,One year,Fiber optic,Yes
49,62,68.88978317924514,5583.1437310166375,One year,No,No
67,66,60.177880065432426,5196.138875015148,Month-to-month,DSL,No
68,64,119.38483888996981,2216.799943345844,Month-to-month,DSL,Yes
36,70,108.0314762148927,1266.5284181192433,Two year,No,Yes
38,63,82.34059581594401,5094.803808077153,Month-to-month,No,No
22,33,76.93773611822829,4802.430886792713,Two year,No,No
35,41,82.0660479824584,1451.260962108143,Month-to-month,DSL,No
45,48,40.13121078224333,5647.0103816530955,Two year,No,No
59,13,59.51377432643186,3652.2724940345784,Two year,No,Yes
39,31,23.945953289089932,5348.729520993161,Two year,Fiber optic,No
38,68,67.55460374868267,6702.189296565803,Two year,Fiber optic,No
23,4,74.30245839576631,1374.4328600438469,One year,DSL,Yes
18,19,42.774973610320956,172.7760466147567,Two year,Fiber optic,No
22,70,116.40288471655137,6237.238639438378,Month-to-month,Fiber optic,Yes
58,13,110.9454610937242,4885.3854527178755,One year,No,No
29,23,92.21432354559059,5603.123765584532,One year,No,Yes
43,1,73.33866287653626,6708.476700409367,Two year,Fiber optic,No
63,54,106.99691596476849,6426.431259899514,One year,Fiber optic,No
51,71,33.06523438234629,7688.14277249202,Two year,Fiber optic,No
66,15,99.0509794274885,4296.761929239903,Month-to-month,DSL,No
31,65,32.48208139668483,3918.195148626045,Two year,DSL,No
43,71,99.42106625494054,3227.059855128026,One year,DSL,Yes
62,15,47.576756825135696,1246.454521896752,Month-to-month,Fiber optic,Yes
44,21,107.7090581018189,4589.405718398539,Two year,Fiber optic,Yes
26,19,114.40420938253979,2230.5599441213108,Month-to-month,DSL,Yes
43,60,34.87959694051156,7372.033947459544,Month-to-month,DSL,No
64,33,66.26756050653935,4673.862618131238,One year,Fiber optic,No
39,49,118.09873781626851,4750.864640454719,Month-to-month,No,No
64,35,68.34074359731466,2852.29879379854,One year,DSL,Yes
47,44,106.35475225145451,434.87502878210574,Month-to-month,Fiber optic,No
60,11,78.87315221313199,273.3152476764492,Two year,Fiber optic,No
65,66,57.53299079196019,3398.214450342516,Month-to-month,No,Yes
34,46,48.57835555258702,694.8317172159581,Two year,Fiber optic,No
43,9,40.32230910860873,4862.63870521031,Two year,Fiber optic,No
53,3,96.17981913776973,7050.164585004466,Month-to-month,DSL,No
18,26,58.65405068230279,7065.660235819403,Two year,DSL,No
25,48,71.12754622007512,5279.182372855214,Month-to-month,No,No
66,66,69.23254800011819,1705.6300151539895,Month-to-month,No,Yes
52,70,77.72790292331312,6906.714714243799,Two year,Fiber optic,No
69,28,106.55771456245522,7091.025613799401,Two year,DSL,No
32,26,118.07393435834294,1589.2956079246105,One year,No,Yes
64,25,60.758420857381694,5904.660164450004,Two year,No,No
39,12,102.7518922106303,2306.426000438441,One year,No,No
31,5,96.45277946547176,6425.069692576379,Two year,Fiber optic,No
43,48,77.35289514555733,7977.9584412307495,Month-to-month,DSL,No
45,37,115.60471436119332,259.6075225285547,Two year,No,No
40,44,40.04745155284028,7180.979609011637,Month-to-month,DSL,No
31,15,30.92642103096214,4988.591658117291,Month-to-month,No,No
41,43,105.39619669554222,7787.593300935273,Month-to-month,No,Yes
19,48,63.91498166337483,3730.7759498608925,One year,DSL,No
62,70,104.69688542070605,6782.155685959562,Two year,DSL,Yes
43,46,109.30902051954149,517.9046674142523,Month-to-month,DSL,No
31,43,26.245759361907144,2695.5268196248,Month-to-month,Fiber optic,Yes
68,21,108.34647629860606,554.7919712546556,One year,No,No
24,23,64.83190553694222,7803.238205162983,Two year,Fiber optic,No
20,47,71.04324890042322,6539.451780029257,Two year,DSL,No
64,15,82.65925110932102,6823.328421542845,One year,No,No
40,25,112.63826067300867,7504.962546842476,One year,Fiber optic,Yes
63,36,21.911609442976403,699.1258192358871,Two year,No,No
60,51,67.68434683178171,3097.0687882564002,One year,Fiber optic,No
64,15,88.77220424305607,586.8584145711369,Two year,DSL,No
62,68,92.27069576982285,1702.1289503692283,Two year,Fiber optic,Yes
35,21,89.2532431537108,1850.3389007606254,Month-to-month,No,No
55,13,33.443512940812184,3763.475544159678,Month-to-month,No,No
